<xml xmlns="https://developers.google.com/blockly/xml">
  <variables>
    <variable>freq</variable>
  </variables>

  <block type="connect_scope" id="c1" x="20" y="20">
    <mutation show_advanced="false" current_backend="pyvisa" current_dev_type="SCOPE" current_conn_type="INSTR" host="192.168.1.100"></mutation>
    <field name="DEVICE_NAME">scope</field>
    <field name="BACKEND">pyvisa</field>
    <next>
      <block type="connect_scope" id="c2">
        <mutation show_advanced="false" current_backend="pyvisa" current_dev_type="SMU" current_conn_type="INSTR" host="192.168.1.101"></mutation>
        <field name="DEVICE_NAME">smu</field>
        <field name="BACKEND">pyvisa</field>
        <next>
          <block type="set_device_context" id="ctx_smu1">
            <mutation device="smu"></mutation>
            <field name="DEVICE">smu</field>
            <next>
              <block type="scpi_write" id="smu_out_on">
                <field name="DEVICE_CONTEXT">(smu)</field>
                <field name="COMMAND">OUTPut ON</field>
                <next>
                  <block type="controls_for" id="for_v">
                    <mutation>
                      <variable>v</variable>
                    </mutation>
                    <field name="VAR">v</field>
                    <value name="FROM">
                      <shadow type="math_number" id="n_from">
                        <field name="NUM">0.5</field>
                      </shadow>
                    </value>
                    <value name="TO">
                      <shadow type="math_number" id="n_to">
                        <field name="NUM">2.5</field>
                      </shadow>
                    </value>
                    <value name="BY">
                      <shadow type="math_number" id="n_by">
                        <field name="NUM">0.5</field>
                      </shadow>
                    </value>
                    <statement name="DO">
                      <block type="set_device_context" id="ctx_smu2">
                        <mutation device="smu"></mutation>
                        <field name="DEVICE">smu</field>
                        <next>
                          <block type="python_code" id="set_v_code">
                            <field name="CODE">smu.write(f":SOURce:VOLTage {v}")</field>
                            <next>
                              <block type="wait_seconds" id="wait1">
                                <field name="SECONDS">0.5</field>
                                <next>
                                  <block type="set_device_context" id="ctx_scope1">
                                    <mutation device="scope"></mutation>
                                    <field name="DEVICE">scope</field>
                                    <next>
                                      <block type="acquisition_reset" id="acq_rst">
                                        <field name="DEVICE_CONTEXT">(scope)</field>
                                        <next>
                                          <block type="single_acquisition" id="acq_single">
                                            <next>
                                              <block type="wait_for_opc" id="opc1">
                                                <field name="DEVICE_CONTEXT">(scope)</field>
                                                <field name="TIMEOUT">30</field>
                                                <next>
                                                  <block type="scpi_write" id="meas_type">
                                                    <field name="DEVICE_CONTEXT">(scope)</field>
                                                    <field name="COMMAND">:MEASUREMENT:IMMED:TYPE FREQUENCY</field>
                                                    <next>
                                                      <block type="scpi_write" id="meas_src">
                                                        <field name="DEVICE_CONTEXT">(scope)</field>
                                                        <field name="COMMAND">:MEASUREMENT:IMMED:SOURCE CH1</field>
                                                        <next>
                                                          <block type="scpi_query" id="meas_val">
                                                            <field name="DEVICE_CONTEXT">(scope)</field>
                                                            <field name="COMMAND">:MEASUREMENT:IMMED:VALUE?</field>
                                                            <field name="VARIABLE">freq</field>
                                                          </block>
                                                        </next>
                                                      </block>
                                                    </next>
                                                  </block>
                                                </next>
                                              </block>
                                            </next>
                                          </block>
                                        </next>
                                      </block>
                                    </next>
                                  </block>
                                </next>
                              </block>
                            </next>
                          </block>
                        </next>
                      </block>
                    </statement>
                    <next>
                      <block type="disconnect" id="disc_smu">
                        <field name="DEVICE_CONTEXT">(smu)</field>
                        <next>
                          <block type="disconnect" id="disc_scope">
                            <field name="DEVICE_CONTEXT">(scope)</field>
                          </block>
                        </next>
                      </block>
                    </next>
                  </block>
                </next>
              </block>
            </next>
          </block>
        </next>
      </block>
    </next>
  </block>
</xml>