<?xml version="1.0"?>
<xml xmlns="https://developers.google.com/blockly/xml">
  <variables>
    <variable id="var_i">i</variable>
    <variable id="var_voltage">voltage</variable>
    <variable id="var_current_raw">current_raw</variable>
    <variable id="var_current">current</variable>
    <variable id="var_power">power</variable>
    <variable id="var_freq_raw">freq_raw</variable>
    <variable id="var_freq">freq</variable>
    <variable id="var_vpp_raw">vpp_raw</variable>
    <variable id="var_vpp">vpp</variable>
    <variable id="var_pass_count">pass_count</variable>
    <variable id="var_fail_count">fail_count</variable>
  </variables>
  
  <!-- Multi-instrument power cycling test with scope measurements -->
  <block type="comment_block" id="main_comment" x="20" y="20">
    <field name="COMMENT">═══════════════════════════════════════════════════
TekAutomate Power Cycling Test Suite
Multi-device | Loops | Conditionals | Measurements
═══════════════════════════════════════════════════</field>
    <next>
      
      <!-- Connect scope -->
      <block type="connect_scope" id="conn_scope">
        <mutation show_advanced="true" current_backend="pyvisa" current_dev_type="SCOPE" current_conn_type="INSTR"/>
        <field name="DEVICE_NAME">scope</field>
        <field name="BACKEND">pyvisa</field>
        <field name="HOST">192.168.1.100</field>
        <field name="DEV_TYPE">SCOPE</field>
        <next>
          
      <!-- Connect SMU -->
      <block type="connect_scope" id="conn_smu">
        <mutation show_advanced="true" current_backend="pyvisa" current_dev_type="SMU" current_conn_type="INSTR"/>
        <field name="DEVICE_NAME">smu</field>
        <field name="BACKEND">pyvisa</field>
        <field name="HOST">192.168.1.101</field>
        <field name="DEV_TYPE">SMU</field>
        <next>
              
              <!-- Initialize test counters -->
              <block type="comment_block" id="init_comment">
                <field name="COMMENT">Initialize Test Parameters</field>
                <next>
                  <block type="variables_set" id="init_pass">
                    <field name="VAR" id="var_pass_count">pass_count</field>
                    <value name="VALUE">
                      <shadow type="math_number">
                        <field name="NUM">0</field>
                      </shadow>
                    </value>
                    <next>
                      <block type="variables_set" id="init_fail">
                        <field name="VAR" id="var_fail_count">fail_count</field>
                        <value name="VALUE">
                          <shadow type="math_number">
                            <field name="NUM">0</field>
                          </shadow>
                        </value>
                        <next>
                          
                          <!-- Configure scope -->
                          <block type="comment_block" id="scope_setup_comment">
                            <field name="COMMENT">── Scope Configuration ──</field>
                            <next>
                              <block type="scpi_write" id="scope_clear">
                                <field name="DEVICE_CONTEXT">(scope)</field>
                                <field name="COMMAND">*CLS</field>
                                <next>
                                  <block type="scpi_write" id="scope_header">
                                    <field name="DEVICE_CONTEXT">(scope)</field>
                                    <field name="COMMAND">HEADER OFF</field>
                                    <next>
                                      <block type="scpi_write" id="scope_ch1_scale">
                                        <field name="DEVICE_CONTEXT">(scope)</field>
                                        <field name="COMMAND">CH1:SCALE 1.0</field>
                                        <next>
                                          <block type="scpi_write" id="scope_ch2_scale">
                                            <field name="DEVICE_CONTEXT">(scope)</field>
                                            <field name="COMMAND">CH2:SCALE 0.5</field>
                                            <next>
                                              <block type="scpi_write" id="scope_timebase">
                                                <field name="DEVICE_CONTEXT">(scope)</field>
                                                <field name="COMMAND">HORIZONTAL:SCALE 1E-6</field>
                                                <next>
                                                  <block type="scpi_write" id="scope_acq_mode">
                                                    <field name="DEVICE_CONTEXT">(scope)</field>
                                                    <field name="COMMAND">ACQUIRE:MODE SAMPLE</field>
                                                    <next>
                                                      <block type="scpi_write" id="scope_meas_setup">
                                                        <field name="DEVICE_CONTEXT">(scope)</field>
                                                        <field name="COMMAND">MEASUREMENT:MEAS1:TYPE FREQUENCY</field>
                                                        <next>
                                                          <block type="scpi_write" id="scope_meas_src1">
                                                            <field name="DEVICE_CONTEXT">(scope)</field>
                                                            <field name="COMMAND">MEASUREMENT:MEAS1:SOURCE CH1</field>
                                                            <next>
                                                              <block type="scpi_write" id="scope_meas2_setup">
                                                                <field name="DEVICE_CONTEXT">(scope)</field>
                                                                <field name="COMMAND">MEASUREMENT:MEAS2:TYPE PK2PK</field>
                                                                <next>
                                                                  <block type="scpi_write" id="scope_meas_src2">
                                                                    <field name="DEVICE_CONTEXT">(scope)</field>
                                                                    <field name="COMMAND">MEASUREMENT:MEAS2:SOURCE CH1</field>
                                                                    <next>
                                                      
                                                      <!-- Configure SMU -->
                                                      <block type="comment_block" id="smu_setup_comment">
                                                        <field name="COMMENT">── SMU Configuration ──</field>
                                                        <next>
                                                          <block type="scpi_write" id="smu_reset">
                                                            <field name="DEVICE_CONTEXT">(smu)</field>
                                                            <field name="COMMAND">*RST</field>
                                                            <next>
                                                              <block type="scpi_write" id="smu_func">
                                                                <field name="DEVICE_CONTEXT">(smu)</field>
                                                                <field name="COMMAND">:SOUR:FUNC VOLT</field>
                                                                <next>
                                                                  <block type="scpi_write" id="smu_range">
                                                                    <field name="DEVICE_CONTEXT">(smu)</field>
                                                                    <field name="COMMAND">:SOUR:VOLT:RANG 20</field>
                                                                    <next>
                                                                      <block type="scpi_write" id="smu_limit">
                                                                        <field name="DEVICE_CONTEXT">(smu)</field>
                                                                        <field name="COMMAND">:SOUR:VOLT:ILIM 1.0</field>
                                                                        <next>
                                                                          <block type="scpi_write" id="smu_output_on">
                                                                            <field name="DEVICE_CONTEXT">(smu)</field>
                                                                            <field name="COMMAND">:OUTP ON</field>
                                                                            <next>
                                                                              
                                                                              <!-- Main test loop -->
                                                                              <block type="comment_block" id="test_loop_comment">
                                                                                <field name="COMMENT">═══ MAIN TEST LOOP: 10 Voltage Steps ═══</field>
                                                                                <next>
                                                                                  <block type="controls_for" id="main_loop">
                                                                                    <field name="VAR" id="var_i">i</field>
                                                                                    <value name="FROM">
                                                                                      <shadow type="math_number">
                                                                                        <field name="NUM">1</field>
                                                                                      </shadow>
                                                                                    </value>
                                                                                    <value name="TO">
                                                                                      <shadow type="math_number">
                                                                                        <field name="NUM">10</field>
                                                                                      </shadow>
                                                                                    </value>
                                                                                    <value name="BY">
                                                                                      <shadow type="math_number">
                                                                                        <field name="NUM">1</field>
                                                                                      </shadow>
                                                                                    </value>
                                                                                    <statement name="DO">
                                                                                      
                                                                                      <!-- Calculate voltage -->
                                                                                      <block type="variables_set" id="calc_voltage">
                                                                                        <field name="VAR" id="var_voltage">voltage</field>
                                                                                        <value name="VALUE">
                                                                                          <block type="math_arithmetic">
                                                                                            <field name="OP">MULTIPLY</field>
                                                                                            <value name="A">
                                                                                              <block type="variables_get">
                                                                                                <field name="VAR" id="var_i">i</field>
                                                                                              </block>
                                                                                            </value>
                                                                                            <value name="B">
                                                                                              <shadow type="math_number">
                                                                                                <field name="NUM">0.5</field>
                                                                                              </shadow>
                                                                                            </value>
                                                                                          </block>
                                                                                        </value>
                                                                                        <next>
                                                                                          
                                                                                          <!-- Print test step -->
                                                                                          <block type="python_code" id="print_step">
                                                                                            <field name="CODE">print(f"\n{'='*60}")
print(f"Test {i}/10: Setting voltage to {voltage}V")
print(f"{'='*60}")</field>
                                                                                            <next>
                                                                                              
                                                                                              <!-- Set SMU voltage -->
                                                                                              <block type="python_code" id="set_voltage">
                                                                                                <field name="CODE">smu.write(f":SOUR:VOLT:LEV {voltage}")</field>
                                                                                                <next>
                                                                                                  
                                                                                                  <!-- Wait for settling -->
                                                                                                  <block type="wait_seconds" id="wait_settle">
                                                                                                    <field name="SECONDS">0.5</field>
                                                                                                    <next>
                                                                                                      
                                                                                                      <!-- Measure current -->
                                                                                                      <block type="scpi_query" id="meas_current">
                                                                                                        <field name="DEVICE_CONTEXT">(smu)</field>
                                                                                                        <field name="COMMAND">:MEAS:CURR?</field>
                                                                                                        <field name="VARIABLE">current_raw</field>
                                                                                                        <next>
                                                                                                          
                                                                                                          <!-- Parse current -->
                                                                                                          <block type="python_code" id="parse_current">
                                                                                                            <field name="CODE">current = float(current_raw)</field>
                                                                                                            <next>
                                                                                                          
                                                                                                          <!-- Calculate power -->
                                                                                                          <block type="variables_set" id="calc_power">
                                                                                                            <field name="VAR" id="var_power">power</field>
                                                                                                            <value name="VALUE">
                                                                                                              <block type="math_arithmetic">
                                                                                                                <field name="OP">MULTIPLY</field>
                                                                                                                <value name="A">
                                                                                                                  <block type="variables_get">
                                                                                                                    <field name="VAR" id="var_voltage">voltage</field>
                                                                                                                  </block>
                                                                                                                </value>
                                                                                                                <value name="B">
                                                                                                                  <block type="variables_get">
                                                                                                                    <field name="VAR" id="var_current">current</field>
                                                                                                                  </block>
                                                                                                                </value>
                                                                                                              </block>
                                                                                                            </value>
                                                                                                            <next>
                                                                                                              
                                                                                                              <!-- Trigger scope acquisition -->
                                                                                                              <block type="scpi_write" id="scope_single">
                                                                                                                <field name="DEVICE_CONTEXT">(scope)</field>
                                                                                                                <field name="COMMAND">ACQUIRE:STOPAFTER SEQUENCE</field>
                                                                                                                <next>
                                                                                                                  <block type="scpi_write" id="scope_run">
                                                                                                                    <field name="DEVICE_CONTEXT">(scope)</field>
                                                                                                                    <field name="COMMAND">ACQUIRE:STATE RUN</field>
                                                                                                                    <next>
                                                                                                                      
                                                                                                                      <!-- Wait for acquisition -->
                                                                                                                      <block type="wait_for_opc" id="wait_acq">
                                                                                                                        <field name="DEVICE_CONTEXT">(scope)</field>
                                                                                                                        <field name="TIMEOUT">10</field>
                                                                                                                        <next>
                                                                                                                          
                                                                                                                          <!-- Measure frequency -->
                                                                                                                          <block type="scpi_query" id="read_freq">
                                                                                                                            <field name="DEVICE_CONTEXT">(scope)</field>
                                                                                                                            <field name="COMMAND">MEASUREMENT:MEAS1:VALUE?</field>
                                                                                                                            <field name="VARIABLE">freq_raw</field>
                                                                                                                            <next>
                                                                                                                              
                                                                                                                              <!-- Parse frequency -->
                                                                                                                              <block type="python_code" id="parse_freq">
                                                                                                                                <field name="CODE">freq = float(freq_raw)</field>
                                                                                                                                <next>
                                                                                                                              
                                                                                                                              <!-- Measure Vpp -->
                                                                                                                              <block type="scpi_query" id="read_vpp">
                                                                                                                                <field name="DEVICE_CONTEXT">(scope)</field>
                                                                                                                                <field name="COMMAND">MEASUREMENT:MEAS2:VALUE?</field>
                                                                                                                                <field name="VARIABLE">vpp_raw</field>
                                                                                                                                <next>
                                                                                                                                  
                                                                                                                                  <!-- Parse Vpp -->
                                                                                                                                  <block type="python_code" id="parse_vpp">
                                                                                                                                    <field name="CODE">vpp = float(vpp_raw)</field>
                                                                                                                                    <next>
                                                                                                                                  
                                                                                                                                  <!-- Check if signal is valid -->
                                                                                                                                  <block type="controls_if" id="check_signal">
                                                                                                                                    <mutation else="1"/>
                                                                                                                                    <value name="IF0">
                                                                                                                                      <block type="logic_operation">
                                                                                                                                        <field name="OP">AND</field>
                                                                                                                                        <value name="A">
                                                                                                                                          <block type="logic_compare">
                                                                                                                                            <field name="OP">GT</field>
                                                                                                                                            <value name="A">
                                                                                                                                              <block type="variables_get">
                                                                                                                                                <field name="VAR" id="var_freq">freq</field>
                                                                                                                                              </block>
                                                                                                                                            </value>
                                                                                                                                            <value name="B">
                                                                                                                                              <shadow type="math_number">
                                                                                                                                                <field name="NUM">100000</field>
                                                                                                                                              </shadow>
                                                                                                                                            </value>
                                                                                                                                          </block>
                                                                                                                                        </value>
                                                                                                                                        <value name="B">
                                                                                                                                          <block type="logic_compare">
                                                                                                                                            <field name="OP">GT</field>
                                                                                                                                            <value name="A">
                                                                                                                                              <block type="variables_get">
                                                                                                                                                <field name="VAR" id="var_vpp">vpp</field>
                                                                                                                                              </block>
                                                                                                                                            </value>
                                                                                                                                            <value name="B">
                                                                                                                                              <shadow type="math_number">
                                                                                                                                                <field name="NUM">0.5</field>
                                                                                                                                              </shadow>
                                                                                                                                            </value>
                                                                                                                                          </block>
                                                                                                                                        </value>
                                                                                                                                      </block>
                                                                                                                                    </value>
                                                                                                                                    <statement name="DO0">
                                                                                                                                      <!-- PASS: Save data -->
                                                                                                                                      <block type="python_code" id="print_pass">
                                                                                                                                        <field name="CODE">print(f"✓ PASS: freq={freq/1e6:.2f}MHz, vpp={vpp:.3f}V, power={power:.3f}W")</field>
                                                                                                                                        <next>
                                                                                                                                          <block type="math_change" id="inc_pass">
                                                                                                                                            <field name="VAR" id="var_pass_count">pass_count</field>
                                                                                                                                            <value name="DELTA">
                                                                                                                                              <shadow type="math_number">
                                                                                                                                                <field name="NUM">1</field>
                                                                                                                                              </shadow>
                                                                                                                                            </value>
                                                                                                                                            <next>
                                                                                                                                              
                                                                                                                                              <!-- Save waveform and screenshot -->
                                                                                                                                              <block type="python_code" id="save_data">
                                                                                                                                                <field name="CODE"># Save waveform
wfm_file = f"test{i:02d}_v{voltage:.1f}_f{freq/1e6:.1f}MHz.csv"
scope.write("DATA:SOURCE CH1")
scope.write("DATA:ENCDG ASCII")
wfm_data = scope.query("CURVE?")
with open(wfm_file, 'w') as f:
    f.write(wfm_data)
print(f"  → Waveform: {wfm_file}")</field>
                                                                                                                                              </block>
                                                                                                                                            </next>
                                                                                                                                          </block>
                                                                                                                                        </next>
                                                                                                                                      </block>
                                                                                                                                    </statement>
                                                                                                                                    <statement name="ELSE">
                                                                                                                                      <!-- FAIL: Log error -->
                                                                                                                                      <block type="python_code" id="print_fail">
                                                                                                                                        <field name="CODE">print(f"✗ FAIL: freq={freq/1e6:.2f}MHz, vpp={vpp:.3f}V - Signal out of spec")</field>
                                                                                                                                        <next>
                                                                                                                                          <block type="math_change" id="inc_fail">
                                                                                                                                            <field name="VAR" id="var_fail_count">fail_count</field>
                                                                                                                                            <value name="DELTA">
                                                                                                                                              <shadow type="math_number">
                                                                                                                                                <field name="NUM">1</field>
                                                                                                                                              </shadow>
                                                                                                                                            </value>
                                                                                                                                          </block>
                                                                                                                                        </next>
                                                                                                                                      </block>
                                                                                                                                    </statement>
                                                                                                                                  </block>
                                                                                                                                    </next>
                                                                                                                                  </block>
                                                                                                                                </next>
                                                                                                                              </block>
                                                                                                                                </next>
                                                                                                                              </block>
                                                                                                                            </next>
                                                                                                                          </block>
                                                                                                                        </next>
                                                                                                                      </block>
                                                                                                                    </next>
                                                                                                                  </block>
                                                                                                                </next>
                                                                                                              </block>
                                                                                                            </next>
                                                                                                          </block>
                                                                                                            </next>
                                                                                                          </block>
                                                                                                        </next>
                                                                                                      </block>
                                                                                                    </next>
                                                                                                  </block>
                                                                                                </next>
                                                                                              </block>
                                                                                            </next>
                                                                                          </block>
                                                                                        </next>
                                                                                      </block>
                                                                                      
                                                                                    </statement>
                                                                                    <next>
                                                                                      
                                                                                      <!-- Test complete: Print summary -->
                                                                                      <block type="comment_block" id="summary_comment">
                                                                                        <field name="COMMENT">═══ TEST COMPLETE ═══</field>
                                                                                        <next>
                                                                                          <block type="python_code" id="print_summary">
                                                                                            <field name="CODE">print(f"\n{'='*60}")
print(f"TEST SUMMARY")
print(f"{'='*60}")
print(f"Total Tests: 10")
print(f"Passed: {pass_count} ({pass_count*10:.0f}%)")
print(f"Failed: {fail_count} ({fail_count*10:.0f}%)")
print(f"{'='*60}\n")</field>
                                                                                            <next>
                                                                                              
                                                                                              <!-- Power down SMU -->
                                                                                              <block type="scpi_write" id="smu_output_off">
                                                                                                <field name="DEVICE_CONTEXT">(smu)</field>
                                                                                                <field name="COMMAND">:OUTP OFF</field>
                                                                                                <next>
                                                                                                  
                                                                                                  <!-- Disconnect all -->
                                                                                                  <block type="disconnect" id="disconnect_all"/>
                                                                                                  
                                                                                                </next>
                                                                                              </block>
                                                                                            </next>
                                                                                          </block>
                                                                                        </next>
                                                                                      </block>
                                                                                      
                                                                                    </next>
                                                                                  </block>
                                                                                </next>
                                                                              </block>
                                                                              
                                                                            </next>
                                                                          </block>
                                                                        </next>
                                                                      </block>
                                                                    </next>
                                                                  </block>
                                                                </next>
                                                              </block>
                                                            </next>
                                                          </block>
                                                        </next>
                                                      </block>
                                                      
                                                                    </next>
                                                                  </block>
                                                                </next>
                                                              </block>
                                                            </next>
                                                          </block>
                                                        </next>
                                                      </block>
                                                    </next>
                                                  </block>
                                                </next>
                                              </block>
                                            </next>
                                          </block>
                                        </next>
                                      </block>
                                    </next>
                                  </block>
                                </next>
                              </block>
                            </next>
                          </block>
                          
                        </next>
                      </block>
                    </next>
                  </block>
                </next>
              </block>
              
            </next>
          </block>
        </next>
      </block>
      
    </next>
  </block>
</xml>
