<xml xmlns="https://developers.google.com/blockly/xml">
  <variables></variables>

  <block type="connect_scope" id="c1" x="20" y="20">
    <mutation show_advanced="false" current_backend="pyvisa" current_dev_type="SCOPE" current_conn_type="INSTR"></mutation>
    <field name="DEVICE_NAME">scope</field>
    <field name="BACKEND">pyvisa</field>
    <next>
      <block type="set_device_context" id="ctx1">
        <mutation device="scope"></mutation>
        <field name="DEVICE">scope</field>
        <next>
          <block type="acquisition_reset" id="acq_rst">
            <field name="DEVICE_CONTEXT">(scope)</field>
            <next>
              <block type="single_acquisition" id="acq_single">
                <next>
                  <block type="wait_for_opc" id="opc1">
                    <field name="DEVICE_CONTEXT">(scope)</field>
                    <field name="TIMEOUT">30</field>
                    <next>
                      <block type="save_screenshot" id="ss1">
                        <field name="DEVICE_CONTEXT">(scope)</field>
                        <field name="FILENAME">capture.png</field>
                        <field name="FORMAT">PNG</field>
                        <next>
                          <block type="disconnect" id="d1">
                            <field name="DEVICE_CONTEXT">(scope)</field>
                          </block>
                        </next>
                      </block>
                    </next>
                  </block>
                </next>
              </block>
            </next>
          </block>
        </next>
      </block>
    </next>
  </block>
</xml>