<?xml version="1.0" encoding="UTF-8"?>
<!--
  TekExpress DisplayPort/USB SCPI Example
  
  Converted from SCPI_Example.py - demonstrates proper TekExpress automation
  
  CRITICAL: This uses PyVISA SOCKET backend, NOT raw socket.sendall()
  - Connection: TCPIP::localhost::5000::SOCKET
  - Termination handled by PyVISA (write_termination = "\n")
  - All commands use .write()/.query() methods
  
  Original Script Operations:
  1. Connect to TekExpress (port 5000)
  2. Set ACQUIRE_MODE LIVE
  3. Select Device
  4. Set DUT parameters (DUTID, Generation Version)
  5. Deselect all tests, then select "UI-Unit Interval"
  6. Set USER-DEFINED mode
  7. Run test with popup handling
  8. Wait for completion
  9. Export report
  10. Save session and query results
-->
<xml xmlns="https://developers.google.com/blockly/xml">
  <variables>
    <variable>device_status</variable>
    <variable>dutid_status</variable>
    <variable>gen_version</variable>
    <variable>mode_status</variable>
    <variable>state</variable>
    <variable>popup_msg</variable>
    <variable>result</variable>
    <variable>report_info</variable>
  </variables>
  
  <!-- ========== CONNECT TO TEKEXPRESS ========== -->
  <block type="connect_tekexpress" id="connect_1" x="20" y="20">
    <field name="DEVICE_NAME">tekexp</field>
    <field name="HOST">localhost</field>
    <field name="PORT">5000</field>
    <field name="TIMEOUT">30000</field>
    <next>
    
      <!-- ========== SET ACQUIRE MODE ========== -->
      <block type="tekexp_write" id="set_mode_1">
        <field name="COMMAND">TEKEXP:ACQUIRE_MODE LIVE</field>
        <next>
        
          <!-- ========== SELECT DEVICE ========== -->
          <block type="tekexp_select_device" id="select_dev_1">
            <field name="DEVICE_NAME">Device</field>
            <next>
            
              <!-- Wait for device selection -->
              <block type="wait_seconds" id="wait_1">
                <field name="SECONDS">2</field>
                <next>
                
                  <!-- Query selected device -->
                  <block type="tekexp_query" id="query_dev_1">
                    <field name="COMMAND">TEKEXP:SELECT? DEVICE</field>
                    <field name="VARIABLE">device_status</field>
                    <next>
                    
                      <!-- Print device status using python_code since we need print -->
                      <block type="python_code" id="print_dev">
                        <field name="CODE">print(f"The selected device is: {device_status}")</field>
                        <next>
                        
                          <!-- ========== SET GENERAL PARAMETERS ========== -->
                          <block type="python_code" id="print_general">
                            <field name="CODE">print("Started GENERAL parameters")</field>
                            <next>
                            
                              <!-- Set DUT ID -->
                              <block type="tekexp_set_value" id="set_dutid">
                                <field name="CATEGORY">GENERAL</field>
                                <field name="PARAMETER">DUTID</field>
                                <field name="VALUE">DemoDUTID</field>
                                <next>
                                
                                  <!-- Query DUT ID -->
                                  <block type="tekexp_query" id="query_dutid">
                                    <field name="COMMAND">TEKEXP:VALUE? DUTID</field>
                                    <field name="VARIABLE">dutid_status</field>
                                    <next>
                                    
                                      <block type="python_code" id="print_dutid">
                                        <field name="CODE">print(f"After setting the DUTid: {dutid_status}")</field>
                                        <next>
                                        
                                          <!-- Set Generation Version -->
                                          <block type="tekexp_write" id="set_gen_ver">
                                            <field name="COMMAND">TEKEXP:VALUE GENERAL,"Generation Version","USB3.1 Gen1"</field>
                                            <next>
                                            
                                              <block type="wait_seconds" id="wait_2">
                                                <field name="SECONDS">2</field>
                                                <next>
                                                
                                                  <!-- Query Generation Version -->
                                                  <block type="tekexp_query" id="query_gen_ver">
                                                    <field name="COMMAND">TEKEXP:VALUE? GENERAL,"Generation Version"</field>
                                                    <field name="VARIABLE">gen_version</field>
                                                    <next>
                                                    
                                                      <block type="python_code" id="print_gen_ver">
                                                        <field name="CODE">print(f"After selecting the Generation Version: {gen_version}")</field>
                                                        <next>
                                                        
                                                          <!-- ========== SELECT TEST ========== -->
                                                          <!-- Deselect All Tests -->
                                                          <block type="tekexp_write" id="deselect_all">
                                                            <field name="COMMAND">TEKEXP:SELECT TEST,ALL,FALSE</field>
                                                            <next>
                                                            
                                                              <!-- Select UI-Unit Interval Test -->
                                                              <block type="python_code" id="print_select">
                                                                <field name="CODE">print("Select Measurement: UI-Unit Interval")</field>
                                                                <next>
                                                                
                                                                  <block type="tekexp_select_test" id="select_test_1">
                                                                    <field name="TEST_NAME">UI-Unit Interval</field>
                                                                    <field name="ENABLED">TRUE</field>
                                                                    <next>
                                                                    
                                                                      <block type="python_code" id="print_selected">
                                                                        <field name="CODE">print("The selected Measurement is: UI-Unit Interval")</field>
                                                                        <next>
                                                                        
                                                                          <!-- ========== SET USER-DEFINED MODE ========== -->
                                                                          <block type="tekexp_write" id="set_user_mode">
                                                                            <field name="COMMAND">TEKEXP:MODE USER-DEFINED</field>
                                                                            <next>
                                                                            
                                                                              <block type="tekexp_query" id="query_mode">
                                                                                <field name="COMMAND">TEKEXP:MODE?</field>
                                                                                <field name="VARIABLE">mode_status</field>
                                                                                <next>
                                                                                
                                                                                  <block type="python_code" id="print_mode">
                                                                                    <field name="CODE">print(f"Configuration mode is set to {mode_status}")</field>
                                                                                    <next>
                                                                                    
                                                                                      <block type="wait_seconds" id="wait_3">
                                                                                        <field name="SECONDS">2</field>
                                                                                        <next>
                                                                                        
                                                                                          <!-- ========== RUN THE TEST ========== -->
                                                                                          <block type="python_code" id="print_start">
                                                                                            <field name="CODE">print("Starting Run")</field>
                                                                                            <next>
                                                                                            
                                                                                              <block type="tekexp_run" id="run_test">
                                                                                                <next>
                                                                                                
                                                                                                  <block type="python_code" id="print_clicked">
                                                                                                    <field name="CODE">print("Clicked start button.")</field>
                                                                                                    <next>
                                                                                                    
                                                                                                      <!-- Initial wait and popup handling -->
                                                                                                      <block type="wait_seconds" id="wait_4">
                                                                                                        <field name="SECONDS">10</field>
                                                                                                        <next>
                                                                                                        
                                                                                                          <!-- Handle initial popups -->
                                                                                                          <block type="tekexp_write" id="popup_ok_1">
                                                                                                            <field name="COMMAND">TEKEXP:POPUP "OK"</field>
                                                                                                            <next>
                                                                                                            
                                                                                                              <block type="wait_seconds" id="wait_5">
                                                                                                                <field name="SECONDS">10</field>
                                                                                                                <next>
                                                                                                                
                                                                                                                  <block type="tekexp_write" id="popup_ok_2">
                                                                                                                    <field name="COMMAND">TEKEXP:POPUP "OK"</field>
                                                                                                                    <next>
                                                                                                                    
                                                                                                                      <block type="wait_seconds" id="wait_6">
                                                                                                                        <field name="SECONDS">10</field>
                                                                                                                        <next>
                                                                                                                        
                                                                                                                          <block type="tekexp_write" id="popup_ok_3">
                                                                                                                            <field name="COMMAND">TEKEXP:POPUP "OK"</field>
                                                                                                                            <next>
                                                                                                                            
                                                                                                                              <block type="wait_seconds" id="wait_7">
                                                                                                                                <field name="SECONDS">10</field>
                                                                                                                                <next>
                                                                                                                                
                                                                                                                                  <!-- ========== WAIT FOR COMPLETION ========== -->
                                                                                                                                  <!-- Using tekexp_wait_state block for proper state polling -->
                                                                                                                                  <block type="tekexp_wait_state" id="wait_complete">
                                                                                                                                    <field name="EXPECTED">COMPLETE</field>
                                                                                                                                    <field name="POLL_INTERVAL">2</field>
                                                                                                                                    <field name="TIMEOUT">600</field>
                                                                                                                                    <field name="HANDLE_POPUP">TRUE</field>
                                                                                                                                    <next>
                                                                                                                                    
                                                                                                                                      <block type="python_code" id="print_done">
                                                                                                                                        <field name="CODE">print("Measurement execution completed.")</field>
                                                                                                                                        <next>
                                                                                                                                        
                                                                                                                                          <!-- ========== GET REPORT INFO ========== -->
                                                                                                                                          <block type="python_code" id="print_report">
                                                                                                                                            <field name="CODE">print("Getting the info of Report file...")</field>
                                                                                                                                            <next>
                                                                                                                                            
                                                                                                                                              <block type="tekexp_query" id="query_report">
                                                                                                                                                <field name="COMMAND">TEKEXP:INFO? REPORT</field>
                                                                                                                                                <field name="VARIABLE">report_info</field>
                                                                                                                                                <next>
                                                                                                                                                
                                                                                                                                                  <block type="python_code" id="print_report_info">
                                                                                                                                                    <field name="CODE">print(f"ReportFile Info: {report_info}")</field>
                                                                                                                                                    <next>
                                                                                                                                                    
                                                                                                                                                      <!-- ========== EXPORT REPORT ========== -->
                                                                                                                                                      <block type="tekexp_export_report" id="export_report">
                                                                                                                                                        <field name="REPORT_TYPE">REPORT</field>
                                                                                                                                                        <field name="FILENAME">PI_Report</field>
                                                                                                                                                        <next>
                                                                                                                                                        
                                                                                                                                                          <block type="wait_seconds" id="wait_8">
                                                                                                                                                            <field name="SECONDS">15</field>
                                                                                                                                                            <next>
                                                                                                                                                            
                                                                                                                                                              <!-- ========== SAVE SESSION ========== -->
                                                                                                                                                              <block type="tekexp_write" id="save_session">
                                                                                                                                                                <field name="COMMAND">TEKEXP:SETUP SAVE,PI_Session1</field>
                                                                                                                                                                <next>
                                                                                                                                                                
                                                                                                                                                                  <block type="wait_seconds" id="wait_9">
                                                                                                                                                                    <field name="SECONDS">3</field>
                                                                                                                                                                    <next>
                                                                                                                                                                    
                                                                                                                                                                      <!-- ========== QUERY RESULT ========== -->
                                                                                                                                                                      <block type="python_code" id="print_querying">
                                                                                                                                                                        <field name="CODE">print("Querying the result of UI-Unit Interval...")</field>
                                                                                                                                                                        <next>
                                                                                                                                                                        
                                                                                                                                                                          <block type="tekexp_query" id="query_result">
                                                                                                                                                                            <field name="COMMAND">TEKEXP:RESULT? "UI-Unit Interval"</field>
                                                                                                                                                                            <field name="VARIABLE">result</field>
                                                                                                                                                                            <next>
                                                                                                                                                                            
                                                                                                                                                                              <block type="python_code" id="print_result">
                                                                                                                                                                                <field name="CODE">print(f"The result of UI-Unit Interval is {result}")</field>
                                                                                                                                                                                <next>
                                                                                                                                                                                
                                                                                                                                                                                  <!-- ========== DISCONNECT ========== -->
                                                                                                                                                                                  <block type="disconnect" id="disconnect_1">
                                                                                                                                                                                  </block>
                                                                                                                                                                                  
                                                                                                                                                                                </next>
                                                                                                                                                                              </block>
                                                                                                                                                                            </next>
                                                                                                                                                                          </block>
                                                                                                                                                                        </next>
                                                                                                                                                                      </block>
                                                                                                                                                                    </next>
                                                                                                                                                                  </block>
                                                                                                                                                                </next>
                                                                                                                                                              </block>
                                                                                                                                                            </next>
                                                                                                                                                          </block>
                                                                                                                                                        </next>
                                                                                                                                                      </block>
                                                                                                                                                    </next>
                                                                                                                                                  </block>
                                                                                                                                                </next>
                                                                                                                                              </block>
                                                                                                                                            </next>
                                                                                                                                          </block>
                                                                                                                                        </next>
                                                                                                                                      </block>
                                                                                                                                    </next>
                                                                                                                                  </block>
                                                                                                                                </next>
                                                                                                                              </block>
                                                                                                                            </next>
                                                                                                                          </block>
                                                                                                                        </next>
                                                                                                                      </block>
                                                                                                                    </next>
                                                                                                                  </block>
                                                                                                                </next>
                                                                                                              </block>
                                                                                                            </next>
                                                                                                          </block>
                                                                                                        </next>
                                                                                                      </block>
                                                                                                    </next>
                                                                                                  </block>
                                                                                                </next>
                                                                                              </block>
                                                                                            </next>
                                                                                          </block>
                                                                                        </next>
                                                                                      </block>
                                                                                    </next>
                                                                                  </block>
                                                                                </next>
                                                                              </block>
                                                                            </next>
                                                                          </block>
                                                                        </next>
                                                                      </block>
                                                                    </next>
                                                                  </block>
                                                                </next>
                                                              </block>
                                                            </next>
                                                          </block>
                                                        </next>
                                                      </block>
                                                    </next>
                                                  </block>
                                                </next>
                                              </block>
                                            </next>
                                          </block>
                                        </next>
                                      </block>
                                    </next>
                                  </block>
                                </next>
                              </block>
                            </next>
                          </block>
                        </next>
                      </block>
                    </next>
                  </block>
                </next>
              </block>
            </next>
          </block>
        </next>
      </block>
    </next>
  </block>
</xml>
