{
  "category": "Basic",
  "templates": [
    {
      "name": "Hello Scope",
      "description": "Simple connect and identify",
      "backend": "pyvisa",
      "steps": [
        { "id": "1", "type": "connect", "label": "Connect", "params": {} },
        { "id": "2", "type": "query", "label": "Query IDN", "params": { "command": "*IDN?", "saveAs": "idn" } },
        { "id": "3", "type": "query", "label": "Query Options", "params": { "command": "*OPT?", "saveAs": "options" } },
        { "id": "4", "type": "disconnect", "label": "Disconnect", "params": {} }
      ]
    },
    {
      "name": "Single Waveform Capture",
      "description": "Basic waveform acquisition from CH1",
      "backend": "pyvisa",
      "steps": [
        { "id": "1", "type": "connect", "label": "Connect", "params": {} },
        { "id": "2", "type": "write", "label": "Stop Acquisition", "params": { "command": "ACQuire:STATE OFF" } },
        { "id": "3", "type": "write", "label": "Set Manual Mode", "params": { "command": "HORizontal:MODE MANUAL" } },
        { "id": "4", "type": "write", "label": "Set Record Length", "params": { "command": "HORizontal:RECOrdlength 1000000" } },
        { "id": "5", "type": "sleep", "label": "Wait", "params": { "duration": 0.2 } },
        { "id": "6", "type": "write", "label": "Configure Data Transfer", "params": { "command": "DATA:SOURCE CH1;:DATA:ENCDG RIBINARY;:DATA:WIDTH 1" } },
        { "id": "7", "type": "write", "label": "Start Acquisition", "params": { "command": "ACQuire:STATE ON" } },
        { "id": "8", "type": "sleep", "label": "Wait for Trigger", "params": { "duration": 0.1 } },
        { "id": "9", "type": "write", "label": "Stop Acquisition", "params": { "command": "ACQuire:STATE OFF" } },
        { "id": "10", "type": "query", "label": "Wait Complete", "params": { "command": "*OPC?", "saveAs": "_" } },
        { "id": "11", "type": "save_waveform", "label": "Save Waveform", "params": { "command": "CURVE?", "filename": "waveform.bin" } },
        { "id": "12", "type": "disconnect", "label": "Disconnect", "params": {} }
      ]
    },
    {
      "name": "Screen Capture PNG (Older Models)",
      "description": "Capture and save screen image via FILESYSTEM route",
      "backend": "pyvisa",
	  "deviceType": "SCOPE",
      "steps": [
        { "id": "1", "type": "write", "label": "Set Working Directory", "params": { "command": "FILESYSTEM:CWD \"C:\\\\TekScope\"" } },
        { "id": "2", "type": "query", "label": "Verify Filesystem", "params": { "command": "FILESYSTEM?", "saveAs": "listing" } },
        { "id": "3", "type": "write", "label": "Set Hardcopy to File", "params": { "command": "HARDCOPY:PORT FILE" } },
        { "id": "4", "type": "write", "label": "Set PNG Format", "params": { "command": "HARDCOPY:FORMAT PNG" } },
        { "id": "5", "type": "write", "label": "Set Filename", "params": { "command": "HARDCOPY:FILENAME \"C:/TekScope/images/TekH001.PNG\"" } },
        { "id": "6", "type": "write", "label": "Start Hardcopy", "params": { "command": "HARDCOPY START" } },
        { "id": "7", "type": "query", "label": "Wait for Completion", "params": { "command": "*OPC?", "saveAs": "opc" } },
        { "id": "8", "type": "sleep", "label": "Disk Flush Dwell", "params": { "duration": 0.2 } },
        { "id": "9", "type": "save_waveform", "label": "Read Screenshot from Filesystem", "params": { "command": "FILESYSTEM:READFILE \"C:/TekScope/images/TekH001.PNG\"", "filename": "screen.png" } },
        { "id": "10", "type": "write", "label": "Delete Remote File", "params": { "command": "FILESYSTEM:DELETE \"C:/TekScope/images/TekH001.PNG\"" } }
      ]
    },
	{
	  "name": "Screen Capture PNG (Newer Models)",
	  "description": "Capture and save screen image using SAVE:IMAGE flow (MSO-B/C series)",
	  "backend": "pyvisa",
	  "deviceType": "SCOPE",
	  "steps": [
		{ "id": "1", "type": "write", "label": "Ensure Image Directory Exists", "params": { "command": "FILESYSTEM:MKDIR \"C:/TekScope/images\"" } },
		{ "id": "2", "type": "write", "label": "Set Image Composition", "params": { "command": "SAVE:IMAGE:COMPOSITION NORMAL" } },
		{ "id": "3", "type": "write", "label": "Set Image Format", "params": { "command": "SAVE:IMAGE:FORMAT PNG" } },
		{ "id": "4", "type": "write", "label": "Set View Type", "params": { "command": "SAVE:IMAGE:VIEWTYPE FULLSCREEN" } },
		{ "id": "5", "type": "write", "label": "Save Image to Device", "params": { "command": "SAVE:IMAGE \"C:/TekScope/images/TekH001.PNG\"" } },
		{ "id": "6", "type": "query", "label": "Wait for Completion", "params": { "command": "*OPC?", "saveAs": "opc" } },
		{ "id": "7", "type": "save_waveform", "label": "Read Screenshot from Filesystem", "params": { "command": "FILESYSTEM:READFILE \"C:/TekScope/images/TekH001.PNG\"", "filename": "screen.png" } }
	  ]
	},
    {
      "name": "Setup Save & Recall",
      "description": "Save and restore instrument configuration",
      "backend": "pyvisa",
      "steps": [
        { "id": "1", "type": "connect", "label": "Connect", "params": {} },
        { "id": "2", "type": "write", "label": "Configure CH1", "params": { "command": "CH1:SCAle 1.0" } },
        { "id": "3", "type": "write", "label": "Set Timebase", "params": { "command": "HORizontal:SCAle 1e-6" } },
        { "id": "4", "type": "write", "label": "Save Setup", "params": { "command": "SAVe:SETUp 'mysetup.set'" } },
        { "id": "5", "type": "sleep", "label": "Wait", "params": { "duration": 0.5 } },
        { "id": "6", "type": "write", "label": "Reset to Default", "params": { "command": "*RST" } },
        { "id": "7", "type": "sleep", "label": "Wait", "params": { "duration": 1.0 } },
        { "id": "8", "type": "write", "label": "Recall Setup", "params": { "command": "RECAll:SETUp 'mysetup.set'" } },
        { "id": "9", "type": "disconnect", "label": "Disconnect", "params": {} }
      ]
    }
  ]
}
