<xml xmlns="https://developers.google.com/blockly/xml">
  <variables>
    <variable>vpp</variable>
  </variables>

  <block type="connect_scope" id="c1" x="20" y="20">
    <mutation show_advanced="false" current_backend="pyvisa" current_dev_type="SCOPE" current_conn_type="INSTR" host="192.168.1.100"></mutation>
    <field name="DEVICE_NAME">scope</field>
    <field name="BACKEND">pyvisa</field>
    <next>
      <block type="set_device_context" id="ctx1">
        <mutation device="scope"></mutation>
        <field name="DEVICE">scope</field>
        <next>
          <block type="acquisition_reset" id="acq_rst">
            <field name="DEVICE_CONTEXT">(scope)</field>
            <next>
              <block type="single_acquisition" id="acq_single">
                <next>
                  <block type="wait_for_opc" id="opc1">
                    <field name="DEVICE_CONTEXT">(scope)</field>
                    <field name="TIMEOUT">30</field>
                    <next>
                      <block type="scpi_write" id="meas_type">
                        <field name="DEVICE_CONTEXT">(scope)</field>
                        <field name="COMMAND">:MEASUREMENT:IMMED:TYPE PK2PK</field>
                        <next>
                          <block type="scpi_write" id="meas_src">
                            <field name="DEVICE_CONTEXT">(scope)</field>
                            <field name="COMMAND">:MEASUREMENT:IMMED:SOURCE CH1</field>
                            <next>
                              <block type="scpi_query" id="meas_val">
                                <field name="DEVICE_CONTEXT">(scope)</field>
                                <field name="COMMAND">:MEASUREMENT:IMMED:VALUE?</field>
                                <field name="VARIABLE">vpp</field>
                                <next>
                                  <block type="controls_if" id="if1">
                                    <value name="IF0">
                                      <block type="logic_compare" id="gt1">
                                        <field name="OP">GT</field>
                                        <value name="A">
                                          <block type="variables_get" id="get_vpp">
                                            <field name="VAR">vpp</field>
                                          </block>
                                        </value>
                                        <value name="B">
                                          <shadow type="math_number" id="thr1">
                                            <field name="NUM">1.0</field>
                                          </shadow>
                                        </value>
                                      </block>
                                    </value>
                                    <statement name="DO0">
                                      <block type="save_waveform" id="save_wf1">
                                        <mutation></mutation>
                                        <field name="DEVICE_CONTEXT">(scope)</field>
                                        <field name="SOURCE">CH1</field>
                                        <field name="FILENAME">ch1.csv</field>
                                        <field name="FORMAT">CSV</field>
                                      </block>
                                    </statement>
                                    <next>
                                      <block type="disconnect" id="d1">
                                        <field name="DEVICE_CONTEXT">(scope)</field>
                                      </block>
                                    </next>
                                  </block>
                                </next>
                              </block>
                            </next>
                          </block>
                        </next>
                      </block>
                    </next>
                  </block>
                </next>
              </block>
            </next>
          </block>
        </next>
      </block>
    </next>
  </block>
</xml>