<xml xmlns="https://developers.google.com/blockly/xml">
  <variables>
    <variable>vpp</variable>
    <variable>hits</variable>
    <variable>frame</variable>
  </variables>

  <block type="connect_scope" id="c1" x="20" y="20">
    <mutation show_advanced="false" current_backend="tm_devices" current_dev_type="SCOPE" current_conn_type="INSTR" host="192.168.1.100"></mutation>
    <field name="DEVICE_NAME">scope</field>
    <field name="BACKEND">tm_devices</field>
    <next>
      <block type="fastframe_enable" id="ff1">
        <field name="DEVICE_CONTEXT">(scope)</field>
        <field name="STATE">ON</field>
        <next>
          <block type="fastframe_set_count" id="ff2">
            <field name="DEVICE_CONTEXT">(scope)</field>
            <field name="COUNT">50</field>
            <next>
              <block type="search_configure_edge" id="s1">
                <field name="DEVICE_CONTEXT">(scope)</field>
                <field name="SEARCH_NUM">1</field>
                <field name="SOURCE">CH1</field>
                <field name="SLOPE">FALL</field>
                <next>
                  <block type="acquisition_reset" id="ar1">
                    <field name="DEVICE_CONTEXT">(scope)</field>
                    <next>
                      <block type="single_acquisition" id="acq1">
                        <next>
                          <block type="wait_for_opc" id="opc1">
                            <field name="DEVICE_CONTEXT">(scope)</field>
                            <field name="TIMEOUT">30</field>
                            <next>
                              <block type="measurement_immediate" id="m1">
                                <field name="DEVICE_CONTEXT">(scope)</field>
                                <field name="TYPE">PK2PK</field>
                                <field name="SOURCE">CH1</field>
                                <field name="VARIABLE">vpp</field>
                                <next>
                                  <block type="controls_for" id="loop1">
                                    <field name="VAR">frame</field>
                                    <value name="FROM">
                                      <shadow type="math_number" id="n_from">
                                        <field name="NUM">1</field>
                                      </shadow>
                                    </value>
                                    <value name="TO">
                                      <shadow type="math_number" id="n_to">
                                        <field name="NUM">50</field>
                                      </shadow>
                                    </value>
                                    <value name="BY">
                                      <shadow type="math_number" id="n_by">
                                        <field name="NUM">1</field>
                                      </shadow>
                                    </value>
                                    <statement name="DO">
                                      <block type="fastframe_select_frame" id="ffs1">
                                        <field name="DEVICE_CONTEXT">(scope)</field>
                                        <field name="CHANNEL">CH1</field>
                                        <value name="FRAME">
                                          <shadow type="math_number" id="n_frame_shadow">
                                            <field name="NUM">1</field>
                                          </shadow>
                                          <block type="variables_get" id="vg_frame">
                                            <field name="VAR">frame</field>
                                          </block>
                                        </value>
                                        <next>
                                          <block type="search_query_total" id="sq1">
                                            <field name="DEVICE_CONTEXT">(scope)</field>
                                            <field name="SEARCH_NUM">1</field>
                                            <field name="VARIABLE">hits</field>
                                            <next>
                                              <block type="python_code" id="py_ss1">
                                                <field name="CODE">scope.save_screenshot(f"frame_{int(frame):02d}.png")</field>
                                              </block>
                                            </next>
                                          </block>
                                        </next>
                                      </block>
                                    </statement>
                                    <next>
                                      <block type="disconnect" id="d1">
                                        <field name="DEVICE_CONTEXT">(scope)</field>
                                      </block>
                                    </next>
                                  </block>
                                </next>
                              </block>
                            </next>
                          </block>
                        </next>
                      </block>
                    </next>
                  </block>
                </next>
              </block>
            </next>
          </block>
        </next>
      </block>
    </next>
  </block>
</xml>