<?xml version="1.0"?>
<xml xmlns="https://developers.google.com/blockly/xml">
  <variables>
    <variable>voltage</variable>
    <variable>i</variable>
  </variables>
  
  <!-- Connect scope -->
  <block type="connect_scope" id="c1" x="20" y="20">
    <mutation show_advanced="false" current_backend="pyvisa" current_dev_type="SCOPE" current_conn_type="INSTR" host="192.168.1.100"></mutation>
    <field name="DEVICE_NAME">scope</field>
    <field name="BACKEND">pyvisa</field>
    <next>
      
      <!-- Connect SMU -->
      <block type="connect_scope" id="c2">
        <mutation show_advanced="false" current_backend="pyvisa" current_dev_type="SMU" current_conn_type="INSTR" host="192.168.1.101"></mutation>
        <field name="DEVICE_NAME">smu</field>
        <field name="BACKEND">pyvisa</field>
        <next>
          
          <!-- Setup scope -->
          <block type="set_device_context" id="ctx1">
            <mutation device="scope"></mutation>
            <field name="DEVICE">scope</field>
            <next>
              <block type="scpi_write" id="sw1">
                <field name="DEVICE_CONTEXT">(scope)</field>
                <field name="COMMAND">CH1:SCAle 1.0</field>
                <next>
                  <block type="scpi_write" id="sw2">
                    <field name="DEVICE_CONTEXT">(scope)</field>
                    <field name="COMMAND">ACQuire:STOPAfter SEQuence</field>
                    <next>
                      
                      <!-- Setup SMU -->
                      <block type="set_device_context" id="ctx2">
                        <mutation device="smu"></mutation>
                        <field name="DEVICE">smu</field>
                        <next>
                          <block type="scpi_write" id="sw3">
                            <field name="DEVICE_CONTEXT">(smu)</field>
                            <field name="COMMAND">:OUTPut ON</field>
                            <next>
                              
                              <!-- Loop: voltage sweep -->
                              <block type="controls_for" id="loop1">
                                <mutation>
                                  <variable>i</variable>
                                </mutation>
                                <field name="VAR">i</field>
                                <value name="FROM">
                                  <shadow type="math_number">
                                    <field name="NUM">1</field>
                                  </shadow>
                                </value>
                                <value name="TO">
                                  <shadow type="math_number">
                                    <field name="NUM">5</field>
                                  </shadow>
                                </value>
                                <value name="BY">
                                  <shadow type="math_number">
                                    <field name="NUM">1</field>
                                  </shadow>
                                </value>
                                <statement name="DO">
                                  
                                  <!-- Calculate voltage -->
                                  <block type="variables_set" id="vs1">
                                    <field name="VAR">voltage</field>
                                    <value name="VALUE">
                                      <block type="math_arithmetic" id="ma1">
                                        <field name="OP">ADD</field>
                                        <value name="A">
                                          <shadow type="math_number">
                                            <field name="NUM">1</field>
                                          </shadow>
                                        </value>
                                        <value name="B">
                                          <block type="math_arithmetic" id="ma2">
                                            <field name="OP">MULTIPLY</field>
                                            <value name="A">
                                              <shadow type="math_number">
                                                <field name="NUM">0.5</field>
                                              </shadow>
                                              <block type="variables_get" id="vg1">
                                                <field name="VAR">i</field>
                                              </block>
                                            </value>
                                            <value name="B">
                                              <shadow type="math_number">
                                                <field name="NUM">0.5</field>
                                              </shadow>
                                            </value>
                                          </block>
                                        </value>
                                      </block>
                                    </value>
                                    <next>
                                      
                                      <!-- Set SMU voltage (dynamic SCPI) -->
                                      <block type="set_device_context" id="ctx3">
                                        <mutation device="smu"></mutation>
                                        <field name="DEVICE">smu</field>
                                        <next>
                                          <block type="python_code" id="pc1">
                                            <field name="CODE">smu.write(f":SOURce:VOLTage:LEVel {voltage}")</field>
                                            <next>
                                              
                                              <!-- Trigger scope acquisition -->
                                              <block type="set_device_context" id="ctx4">
                                                <mutation device="scope"></mutation>
                                                <field name="DEVICE">scope</field>
                                                <next>
                                                  <block type="acquisition_reset" id="ar1">
                                                    <field name="DEVICE_CONTEXT">(scope)</field>
                                                    <next>
                                                      <block type="single_acquisition" id="sa1">
                                                        <next>
                                                          <block type="wait_for_opc" id="wopc1">
                                                            <field name="DEVICE_CONTEXT">(scope)</field>
                                                            <field name="TIMEOUT">5</field>
                                                            <next>
                                                              <block type="save_waveform" id="swf1">
                                                                <field name="DEVICE_CONTEXT">(scope)</field>
                                                                <field name="SOURCE">CH1</field>
                                                                <field name="FILENAME">capture_{i}</field>
                                                                <field name="FORMAT">BIN</field>
                                                              </block>
                                                            </next>
                                                          </block>
                                                        </next>
                                                      </block>
                                                    </next>
                                                  </block>
                                                </next>
                                              </block>
                                            </next>
                                          </block>
                                        </next>
                                      </block>
                                    </next>
                                  </block>
                                </statement>
                                <next>
                                  
                                  <!-- Cleanup: disconnect devices -->
                                  <block type="disconnect" id="d1">
                                    <field name="DEVICE_CONTEXT">(scope)</field>
                                    <next>
                                      <block type="disconnect" id="d2">
                                        <field name="DEVICE_CONTEXT">(smu)</field>
                                      </block>
                                    </next>
                                  </block>
                                </next>
                              </block>
                            </next>
                          </block>
                        </next>
                      </block>
                    </next>
                  </block>
                </next>
              </block>
            </next>
          </block>
        </next>
      </block>
    </next>
  </block>
</xml>
