<xml xmlns="https://developers.google.com/blockly/xml">
  <variables>
    <variable id="var_i_001">i</variable>
    <variable id="var_v_001">voltage</variable>
  </variables>
  <block type="connect_scope" id="blk_connect_scope_001" x="20" y="20">
    <mutation show_advanced="false" current_backend="pyvisa" current_dev_type="SCOPE" current_conn_type="INSTR"></mutation>
    <field name="DEVICE_NAME">scope</field>
    <field name="BACKEND">pyvisa</field>
    <field name="RESOURCE">TCPIP::192.168.1.10::INSTR</field>
    <next>
      <block type="connect_scope" id="blk_connect_psu_001">
        <mutation show_advanced="false" current_backend="pyvisa" current_dev_type="PSU" current_conn_type="INSTR"></mutation>
        <field name="DEVICE_NAME">psu</field>
        <field name="BACKEND">pyvisa</field>
        <field name="RESOURCE">TCPIP::192.168.1.11::INSTR</field>
        <next>
          <block type="set_device_context" id="blk_ctx_scope_setup_001">
            <mutation device="scope"></mutation>
            <field name="DEVICE">scope</field>
            <next>
              <block type="scpi_write" id="blk_scope_setup_001">
                <field name="DEVICE_CONTEXT">(scope)</field>
                <field name="COMMAND">ACQuire:STATE OFF</field>
                <next>
                  <block type="scpi_write" id="blk_scope_setup_002">
                    <field name="DEVICE_CONTEXT">(scope)</field>
                    <field name="COMMAND">ACQuire:STOPAfter SEQuence</field>
                    <next>
                      <block type="controls_for" id="blk_loop_001">
                        <field name="VAR" id="var_i_001">i</field>
                        <value name="FROM">
                          <shadow type="math_number" id="sh_from_001">
                            <field name="NUM">0</field>
                          </shadow>
                        </value>
                        <value name="TO">
                          <shadow type="math_number" id="sh_to_001">
                            <field name="NUM">4</field>
                          </shadow>
                        </value>
                        <value name="BY">
                          <shadow type="math_number" id="sh_by_001">
                            <field name="NUM">1</field>
                          </shadow>
                        </value>
                        <statement name="DO">
                          <block type="variables_set" id="blk_set_voltage_001">
                            <field name="VAR" id="var_v_001">voltage</field>
                            <value name="VALUE">
                              <block type="math_arithmetic" id="blk_math_add_001">
                                <field name="OP">ADD</field>
                                <value name="A">
                                  <shadow type="math_number" id="sh_one_001">
                                    <field name="NUM">1</field>
                                  </shadow>
                                </value>
                                <value name="B">
                                  <block type="math_arithmetic" id="blk_math_mul_001">
                                    <field name="OP">MULTIPLY</field>
                                    <value name="A">
                                      <block type="variables_get" id="blk_get_i_001">
                                        <field name="VAR" id="var_i_001">i</field>
                                      </block>
                                    </value>
                                    <value name="B">
                                      <shadow type="math_number" id="sh_half_001">
                                        <field name="NUM">0.5</field>
                                      </shadow>
                                    </value>
                                  </block>
                                </value>
                              </block>
                            </value>
                            <next>
                              <block type="wait_seconds" id="blk_wait_001">
                                <field name="SECONDS">0.5</field>
                                <next>
                                  <block type="set_device_context" id="blk_ctx_scope_loop_001">
                                    <mutation device="scope"></mutation>
                                    <field name="DEVICE">scope</field>
                                    <next>
                                      <block type="scpi_write" id="blk_scope_acq_on_001">
                                        <field name="DEVICE_CONTEXT">(scope)</field>
                                        <field name="COMMAND">ACQuire:STATE ON</field>
                                        <next>
                                          <block type="wait_for_opc" id="blk_opc_001">
                                            <field name="TIMEOUT">10</field>
                                            <next>
                                              <block type="save_waveform" id="blk_save_001">
                                                <field name="SOURCE">CH1</field>
                                                <field name="FILENAME">capture.wfm</field>
                                                <field name="FORMAT">WFM</field>
                                              </block>
                                            </next>
                                          </block>
                                        </next>
                                      </block>
                                    </next>
                                  </block>
                                </next>
                              </block>
                            </next>
                          </block>
                        </statement>
                        <next>
                          <block type="disconnect" id="blk_disconnect_001"></block>
                        </next>
                      </block>
                    </next>
                  </block>
                </next>
              </block>
            </next>
          </block>
        </next>
      </block>
    </next>
  </block>
</xml>