<xml xmlns="https://developers.google.com/blockly/xml">
  <variables>
    <variable>freq</variable>
    <variable>search_total</variable>
  </variables>

  <block type="connect_scope" id="c1" x="20" y="20">
    <mutation show_advanced="false" current_backend="tm_devices" current_dev_type="SCOPE" current_conn_type="INSTR"></mutation>
    <field name="DEVICE_NAME">scope</field>
    <field name="BACKEND">tm_devices</field>
    <next>
      <block type="set_device_context" id="ctx1">
        <mutation device="scope"></mutation>
        <field name="DEVICE">scope</field>
        <next>
          <block type="fastframe_enable" id="ff_en">
            <field name="DEVICE_CONTEXT">(scope)</field>
            <field name="STATE">ON</field>
            <next>
              <block type="fastframe_set_count" id="ff_cnt">
                <field name="DEVICE_CONTEXT">(scope)</field>
                <field name="COUNT">50</field>
                <next>
                  <block type="search_configure_edge" id="srch_cfg">
                    <field name="DEVICE_CONTEXT">(scope)</field>
                    <field name="SEARCH_NUM">1</field>
                    <field name="SOURCE">CH1</field>
                    <field name="SLOPE">FALL</field>
                    <next>
                      <block type="acquisition_reset" id="acq_rst">
                        <field name="DEVICE_CONTEXT">(scope)</field>
                        <next>
                          <block type="single_acquisition" id="acq_single">
                            <next>
                              <block type="wait_for_opc" id="opc1">
                                <field name="DEVICE_CONTEXT">(scope)</field>
                                <field name="TIMEOUT">30</field>
                                <next>
                                  <block type="measurement_immediate" id="meas_freq">
                                    <field name="DEVICE_CONTEXT">(scope)</field>
                                    <field name="TYPE">FREQUENCY</field>
                                    <field name="SOURCE">CH1</field>
                                    <field name="VARIABLE">freq</field>
                                    <next>
                                      <block type="controls_for" id="for_frame">
                                        <mutation>
                                          <variable>frame</variable>
                                        </mutation>
                                        <field name="VAR">frame</field>
                                        <value name="FROM">
                                          <shadow type="math_number" id="n_from">
                                            <field name="NUM">1</field>
                                          </shadow>
                                        </value>
                                        <value name="TO">
                                          <shadow type="math_number" id="n_to">
                                            <field name="NUM">50</field>
                                          </shadow>
                                        </value>
                                        <value name="BY">
                                          <shadow type="math_number" id="n_by">
                                            <field name="NUM">1</field>
                                          </shadow>
                                        </value>
                                        <statement name="DO">
                                          <block type="fastframe_select_frame" id="ff_sel">
                                            <field name="DEVICE_CONTEXT">(scope)</field>
                                            <field name="CHANNEL">CH1</field>
                                            <value name="FRAME">
                                              <block type="variables_get" id="get_frame">
                                                <field name="VAR">frame</field>
                                              </block>
                                            </value>
                                            <next>
                                              <block type="search_query_total" id="srch_total">
                                                <field name="DEVICE_CONTEXT">(scope)</field>
                                                <field name="SEARCH_NUM">1</field>
                                                <field name="VARIABLE">search_total</field>
                                              </block>
                                            </next>
                                          </block>
                                        </statement>
                                        <next>
                                          <block type="disconnect" id="d1">
                                            <field name="DEVICE_CONTEXT">(scope)</field>
                                          </block>
                                        </next>
                                      </block>
                                    </next>
                                  </block>
                                </next>
                              </block>
                            </next>
                          </block>
                        </next>
                      </block>
                    </next>
                  </block>
                </next>
              </block>
            </next>
          </block>
        </next>
      </block>
    </next>
  </block>
</xml>