<xml xmlns="https://developers.google.com/blockly/xml">
  <variables>
    <variable>out_dir</variable>
    <variable>meas_csv</variable>
    <variable>pk2pk</variable>
    <variable>s1_total</variable>
    <variable>s2_total</variable>
    <variable>frame</variable>
  </variables>

  <block type="connect_scope" id="c1" x="20" y="20">
    <mutation show_advanced="false" current_backend="tm_devices" current_dev_type="SCOPE" current_conn_type="INSTR"></mutation>
    <field name="DEVICE_NAME">scope</field>
    <field name="BACKEND">tm_devices</field>
    <data>deviceName</data>
    <next>
      <block type="set_device_context" id="ctx1">
        <mutation device="scope"></mutation>
        <field name="DEVICE">scope</field>
        <next>
          <block type="variables_set" id="v1">
            <field name="VAR">out_dir</field>
            <value name="VALUE">
              <block type="text" id="t1">
                <field name="TEXT">./fastframe_run</field>
              </block>
            </value>
            <next>
              <block type="variables_set" id="v2">
                <field name="VAR">meas_csv</field>
                <value name="VALUE">
                  <block type="text" id="t2">
                    <field name="TEXT">./fastframe_run/measurements.csv</field>
                  </block>
                </value>
                <next>
                  <block type="python_code" id="py_init">
                    <field name="CODE">import os, csv
os.makedirs(out_dir, exist_ok=True); os.makedirs(os.path.join(out_dir,'screenshots'), exist_ok=True)
with open(meas_csv,'w',newline='') as f: csv.writer(f).writerow(['frame','pk2pk','search1_falling_total','search2_p2p_total'])</field>
                    <next>
                      <block type="python_code" id="py_setup1">
                        <field name="CODE"># Clean state + FastFrame 50 frames
scope.write(':ACQUIRE:STATE OFF')
scope.write(':HORIZONTAL:FASTFRAME:STATE ON'); scope.write(':HORIZONTAL:FASTFRAME:COUNT 50')</field>
                        <next>
                          <block type="python_code" id="py_setup2">
                            <field name="CODE"># Single sequence capture
scope.write(':ACQUIRE:STOPAFTER SEQUENCE')
scope.write(':ACQUIRE:STATE ON')</field>
                            <next>
                              <block type="python_code" id="py_search_setup">
                                <field name="CODE"># Search 1: Falling edge on CH1 (SCPI-based; adjust if your tm_devices exposes a direct API)
scope.write(':SEARCH:SEARCH1:STATE ON')
scope.write(':SEARCH:SEARCH1:TRIGGER:A:TYPE EDGE'); scope.write(':SEARCH:SEARCH1:TRIGGER:A:EDGE:SOURCE CH1'); scope.write(':SEARCH:SEARCH1:TRIGGER:A:EDGE:SLOPE CH1,FALL')

# Search 2: Placeholder enable (edit to your desired P2P search mode/options)
scope.write(':SEARCH:SEARCH2:STATE ON')</field>
                                <next>
                                  <block type="python_code" id="py_meas_setup">
                                    <field name="CODE"># Immediate measurement: Pk-Pk on CH1
scope.write(':MEASUREMENT:IMMED:TYPE PK2PK')
scope.write(':MEASUREMENT:IMMED:SOURCE CH1')</field>
                                    <next>
                                      <block type="python_code" id="py_waitdone">
                                        <field name="CODE">import time
# Wait until acquisition completes (BUSY? -> 1 busy, 0 done)
while True:
  try: busy=int(float(scope.query('BUSY?').strip()))
  except Exception: busy=1
  if busy==0: break
  time.sleep(0.2)</field>
                                        <next>
                                          <block type="controls_for" id="for1">
                                            <field name="VAR">frame</field>
                                            <value name="FROM">
                                              <shadow type="math_number" id="n_from">
                                                <field name="NUM">1</field>
                                              </shadow>
                                            </value>
                                            <value name="TO">
                                              <shadow type="math_number" id="n_to">
                                                <field name="NUM">50</field>
                                              </shadow>
                                            </value>
                                            <value name="BY">
                                              <shadow type="math_number" id="n_by">
                                                <field name="NUM">1</field>
                                              </shadow>
                                            </value>
                                            <statement name="DO">
                                              <block type="python_code" id="py_frame_select">
                                                <field name="CODE"># Select FastFrame for CH1
scope.write(f':HORIZONTAL:FASTFRAME:SELECTED:CH1 {frame}')</field>
                                                <next>
                                                  <block type="python_code" id="py_frame_query">
                                                    <field name="CODE"># Query per-frame measurement + search totals
try: pk2pk = scope.query(':MEASUREMENT:IMMED:VALUE?').strip()
except Exception: pk2pk = ''
try: s1_total = scope.query(':SEARCH:SEARCH1:TOTAL?').strip()
except Exception: s1_total = ''
try: s2_total = scope.query(':SEARCH:SEARCH2:TOTAL?').strip()
except Exception: s2_total = ''</field>
                                                    <next>
                                                      <block type="python_code" id="py_frame_shot">
                                                        <field name="CODE"># Save screenshot per frame (requires tm_devices API support; otherwise replace with your scope's screenshot method)
shot_path = os.path.join(out_dir,'screenshots', f'frame_{int(frame):03d}.png')
try: scope.save_screenshot(os.path.basename(shot_path), local_folder=os.path.dirname(shot_path))
except Exception: pass</field>
                                                        <next>
                                                          <block type="python_code" id="py_frame_log">
                                                            <field name="CODE"># Append CSV row
import csv
with open(meas_csv,'a',newline='') as f: csv.writer(f).writerow([int(frame), pk2pk, s1_total, s2_total])</field>
                                                          </block>
                                                        </next>
                                                      </block>
                                                    </next>
                                                  </block>
                                                </next>
                                              </block>
                                            </statement>
                                            <next>
                                              <block type="disconnect" id="d1">
                                                <field name="DEVICE_NAME">scope</field>
                                              </block>
                                            </next>
                                          </block>
                                        </next>
                                      </block>
                                    </next>
                                  </block>
                                </next>
                              </block>
                            </next>
                          </block>
                        </next>
                      </block>
                    </next>
                  </block>
                </next>
              </block>
            </next>
          </block>
        </next>
      </block>
    </next>
  </block>
</xml>